{
    "type": "FeatureCollection",
    "features": [
        {
            "type": "Feature",
            "geometry": {
                "type": "Polygon",
                "coordinates": [
                    [
                        [
                            102.51334397,
                            29.09674299
                        ],
                        [
                            102.52073109,
                            29.11469105
                        ],
                        [
                            102.52853378,
                            29.11393792
                        ],
                        [
                            102.53389823,
                            29.11880093
                        ],
                        [
                            102.54631019,
                            29.12014367
                        ],
                        [
                            102.55226529,
                            29.12442032
                        ],
                        [
                            102.55260372,
                            29.13129962
                        ],
                        [
                            102.55847098,
                            29.13679379
                        ],
                        [
                            102.5597296,
                            29.14987777
                        ],
                        [
                            102.55134458,
                            29.15377988
                        ],
                        [
                            102.56166515,
                            29.16308972
                        ],
                        [
                            102.59336359,
                            29.16325621
                        ],
                        [
                            102.59915352,
                            29.17315374
                        ],
                        [
                            102.59143627,
                            29.17969745
                        ],
                        [
                            102.58900607,
                            29.18556739
                        ],
                        [
                            102.5895098,
                            29.19517939
                        ],
                        [
                            102.59897961,
                            29.20474022
                        ],
                        [
                            102.61760658,
                            29.21286989
                        ],
                        [
                            102.62800441,
                            29.21488147
                        ],
                        [
                            102.63438454,
                            29.21387577
                        ],
                        [
                            102.63924573,
                            29.20875833
                        ],
                        [
                            102.64671052,
                            29.19625845
                        ],
                        [
                            102.65199714,
                            29.19114303
                        ],
                        [
                            102.6476219,
                            29.18074646
                        ],
                        [
                            102.65534752,
                            29.17256291
                        ],
                        [
                            102.66214441,
                            29.17138813
                        ],
                        [
                            102.67196125,
                            29.16463452
                        ],
                        [
                            102.68085019,
                            29.16438279
                        ],
                        [
                            102.69200503,
                            29.17008821
                        ],
                        [
                            102.69678763,
                            29.1700881
                        ],
                        [
                            102.71909728,
                            29.16329441
                        ],
                        [
                            102.72941889,
                            29.15750658
                        ],
                        [
                            102.73881235,
                            29.1563743
                        ],
                        [
                            102.74602554,
                            29.16082119
                        ],
                        [
                            102.75785793,
                            29.1625823
                        ],
                        [
                            102.76541017,
                            29.15931246
                        ],
                        [
                            102.77052343,
                            29.16258262
                        ],
                        [
                            102.77698212,
                            29.17633909
                        ],
                        [
                            102.77136499,
                            29.18518825
                        ],
                        [
                            102.7652371,
                            29.19005418
                        ],
                        [
                            102.76372551,
                            29.20154677
                        ],
                        [
                            102.76926518,
                            29.21618472
                        ],
                        [
                            102.78192967,
                            29.23111523
                        ],
                        [
                            102.78038415,
                            29.24176187
                        ],
                        [
                            102.79476858,
                            29.24654956
                        ],
                        [
                            102.80298957,
                            29.25292621
                        ],
                        [
                            102.81135723,
                            29.25363328
                        ],
                        [
                            102.8315663,
                            29.24488807
                        ],
                        [
                            102.83148765,
                            29.23092085
                        ],
                        [
                            102.83417024,
                            29.21399805
                        ],
                        [
                            102.83806722,
                            29.20969941
                        ],
                        [
                            102.86805761,
                            29.20843894
                        ],
                        [
                            102.87829138,
                            29.20927823
                        ],
                        [
                            102.88935755,
                            29.21405828
                        ],
                        [
                            102.89539866,
                            29.22060057
                        ],
                        [
                            102.90395703,
                            29.22538133
                        ],
                        [
                            102.90647438,
                            29.23536362
                        ],
                        [
                            102.90538109,
                            29.24563861
                        ],
                        [
                            102.91093039,
                            29.26766333
                        ],
                        [
                            102.91888563,
                            29.27977785
                        ],
                        [
                            102.92458829,
                            29.28464307
                        ],
                        [
                            102.9291195,
                            29.29990752
                        ],
                        [
                            102.93878111,
                            29.30592111
                        ],
                        [
                            102.96066122,
                            29.30482768
                        ],
                        [
                            102.9683821,
                            29.30278907
                        ],
                        [
                            102.98331153,
                            29.29421241
                        ],
                        [
                            103.00210253,
                            29.29003043
                        ],
                        [
                            102.98594403,
                            29.31360692
                        ],
                        [
                            102.97807766,
                            29.32348972
                        ],
                        [
                            102.98188417,
                            29.32748012
                        ],
                        [
                            102.9794125,
                            29.34622872
                        ],
                        [
                            102.99676882,
                            29.37114784
                        ],
                        [
                            102.99399906,
                            29.38181113
                        ],
                        [
                            102.98167777,
                            29.39044619
                        ],
                        [
                            102.96994866,
                            29.40273764
                        ],
                        [
                            102.9523369,
                            29.40525397
                        ],
                        [
                            102.93061173,
                            29.40358199
                        ],
                        [
                            102.8778993,
                            29.41890698
                        ],
                        [
                            102.86458343,
                            29.42950045
                        ],
                        [
                            102.83813511,
                            29.45550544
                        ],
                        [
                            102.82162546,
                            29.46857033
                        ],
                        [
                            102.82492823,
                            29.47851695
                        ],
                        [
                            102.81689106,
                            29.47312339
                        ],
                        [
                            102.8101837,
                            29.48521368
                        ],
                        [
                            102.80436148,
                            29.48665889
                        ],
                        [
                            102.7860355,
                            29.48364957
                        ],
                        [
                            102.77922219,
                            29.48022601
                        ],
                        [
                            102.76770954,
                            29.48474362
                        ],
                        [
                            102.74504292,
                            29.49070744
                        ],
                        [
                            102.73104814,
                            29.50048281
                        ],
                        [
                            102.72046618,
                            29.51187993
                        ],
                        [
                            102.71381662,
                            29.52192732
                        ],
                        [
                            102.70225328,
                            29.55533162
                        ],
                        [
                            102.69027373,
                            29.57657709
                        ],
                        [
                            102.6756714,
                            29.59551
                        ],
                        [
                            102.65044583,
                            29.62629827
                        ],
                        [
                            102.64265126,
                            29.64688004
                        ],
                        [
                            102.63707908,
                            29.65188445
                        ],
                        [
                            102.6286763,
                            29.6525188
                        ],
                        [
                            102.59694263,
                            29.64358834
                        ],
                        [
                            102.57936664,
                            29.6402568
                        ],
                        [
                            102.56806564,
                            29.64155004
                        ],
                        [
                            102.55382175,
                            29.64672056
                        ],
                        [
                            102.53672266,
                            29.64820151
                        ],
                        [
                            102.52325116,
                            29.65497784
                        ],
                        [
                            102.51264433,
                            29.66383858
                        ],
                        [
                            102.49853805,
                            29.6813847
                        ],
                        [
                            102.48366927,
                            29.69616762
                        ],
                        [
                            102.47780046,
                            29.70414724
                        ],
                        [
                            102.46690643,
                            29.71460669
                        ],
                        [
                            102.46056069,
                            29.71730623
                        ],
                        [
                            102.45032602,
                            29.71584621
                        ],
                        [
                            102.43566452,
                            29.70907853
                        ],
                        [
                            102.41887359,
                            29.70665403
                        ],
                        [
                            102.40119832,
                            29.71062785
                        ],
                        [
                            102.38118828,
                            29.71206154
                        ],
                        [
                            102.36984194,
                            29.71425254
                        ],
                        [
                            102.35292295,
                            29.71392986
                        ],
                        [
                            102.33437136,
                            29.72273557
                        ],
                        [
                            102.32376377,
                            29.71662984
                        ],
                        [
                            102.30411256,
                            29.70227467
                        ],
                        [
                            102.29450381,
                            29.68626351
                        ],
                        [
                            102.28333359,
                            29.63810525
                        ],
                        [
                            102.27815115,
                            29.6237851
                        ],
                        [
                            102.27580794,
                            29.61249874
                        ],
                        [
                            102.27632076,
                            29.60264215
                        ],
                        [
                            102.2828567,
                            29.59290081
                        ],
                        [
                            102.30843059,
                            29.57799824
                        ],
                        [
                            102.31518348,
                            29.57032146
                        ],
                        [
                            102.31714502,
                            29.5546323
                        ],
                        [
                            102.31249304,
                            29.53616385
                        ],
                        [
                            102.30876883,
                            29.52188723
                        ],
                        [
                            102.31078331,
                            29.50993848
                        ],
                        [
                            102.31419464,
                            29.50637069
                        ],
                        [
                            102.31978489,
                            29.48681765
                        ],
                        [
                            102.33111264,
                            29.4744016
                        ],
                        [
                            102.35072172,
                            29.46278931
                        ],
                        [
                            102.38285799,
                            29.45160808
                        ],
                        [
                            102.41149743,
                            29.44681341
                        ],
                        [
                            102.41990168,
                            29.44619939
                        ],
                        [
                            102.45714398,
                            29.44742291
                        ],
                        [
                            102.47682313,
                            29.44689621
                        ],
                        [
                            102.48656302,
                            29.44421863
                        ],
                        [
                            102.49394117,
                            29.43900517
                        ],
                        [
                            102.49875,
                            29.43239285
                        ],
                        [
                            102.51037297,
                            29.4240009
                        ],
                        [
                            102.52254292,
                            29.41262881
                        ],
                        [
                            102.5477239,
                            29.38415827
                        ],
                        [
                            102.5583736,
                            29.36681121
                        ],
                        [
                            102.56313092,
                            29.33428935
                        ],
                        [
                            102.56082179,
                            29.32575719
                        ],
                        [
                            102.55330518,
                            29.31806617
                        ],
                        [
                            102.55196004,
                            29.3044794
                        ],
                        [
                            102.54278575,
                            29.29449389
                        ],
                        [
                            102.53261237,
                            29.28975669
                        ],
                        [
                            102.50275298,
                            29.28309376
                        ],
                        [
                            102.48992998,
                            29.26165005
                        ],
                        [
                            102.49745266,
                            29.25678293
                        ],
                        [
                            102.49903903,
                            29.24754205
                        ],
                        [
                            102.5055245,
                            29.2365173
                        ],
                        [
                            102.51610636,
                            29.22775168
                        ],
                        [
                            102.51617503,
                            29.21354116
                        ],
                        [
                            102.51030895,
                            29.20292683
                        ],
                        [
                            102.50222118,
                            29.1934967
                        ],
                        [
                            102.50040577,
                            29.17808875
                        ],
                        [
                            102.49408155,
                            29.16869096
                        ],
                        [
                            102.48750472,
                            29.15334006
                        ],
                        [
                            102.48966491,
                            29.14686942
                        ],
                        [
                            102.49657666,
                            29.13902713
                        ],
                        [
                            102.4950891,
                            29.13015353
                        ],
                        [
                            102.48642236,
                            29.11915229
                        ],
                        [
                            102.48871116,
                            29.10643501
                        ],
                        [
                            102.49875184,
                            29.10231217
                        ],
                        [
                            102.50162846,
                            29.09492664
                        ],
                        [
                            102.51334397,
                            29.09674299
                        ]
                    ]
                ]
            },
            "properties": {
                "id": "511823",
                "level": 4,
                "name": "汉源县"
            }
        }
    ]
}