[
    {
        "id": "f1",
        "distance": 0,
        "importance": 100
    },
    {
        "id": "f2",
        "distance": 918.392366471893,
        "importance": 0.25485087610091905
    },
    {
        "id": "r1",
        "distance": 341.6732425985918,
        "importance": 0.31040423726782485
    },
    {
        "id": "r2",
        "distance": 933.5228921202065,
        "importance": 0.25402145589772335
    },
    {
        "id": "r3",
        "distance": 650.7740022415863,
        "importance": 0.272977475965601
    },
    {
        "id": "r4",
        "distance": 1401.6192228976215,
        "importance": 0.23423701192211294
    },
    {
        "id": "r5",
        "distance": 1633.7038537823287,
        "importance": 0.22718390679752462
    },
    {
        "id": "r6",
        "distance": 2213.1924322233535,
        "importance": 0.21382895968775
    },
    {
        "id": "r7",
        "distance": 2671.467363383766,
        "importance": 0.20594662929403845
    },
    {
        "id": "b1",
        "distance": 603.1002257235878,
        "importance": 0.2771512095750544
    },
    {
        "id": "b2",
        "distance": 2117.9598504457977,
        "importance": 0.21571413750713456
    },
    {
        "id": "b3",
        "distance": 2629.2154528253714,
        "importance": 0.20660297518730447
    },
    {
        "id": "ss1",
        "distance": 1155.893918533181,
        "importance": 0.2434209492738925
    }
]